<NotepadPlus>
    <Session activeView="0">
        <mainView activeIndex="8">
            <File firstVisibleLine="0" xOffset="0" scrollWidth="1" startPos="644" endPos="644" selMode="0" lang="Normal Text" encoding="-1" filename="C:\Users\1469439\Downloads\notepad\Softphone.txt" />
            <File firstVisibleLine="0" xOffset="0" scrollWidth="2086" startPos="127" endPos="139" selMode="0" lang="Normal Text" encoding="-1" filename="C:\Users\1469439\Desktop\Monitoring\Monitoring scripts.txt" />
            <File firstVisibleLine="154" xOffset="0" scrollWidth="1" startPos="6709" endPos="5956" selMode="0" lang="Normal Text" encoding="-1" filename="C:\Users\1469439\Downloads\notepad\DB_Util.txt" />
            <File firstVisibleLine="211" xOffset="0" scrollWidth="1488" startPos="7484" endPos="7442" selMode="0" lang="Normal Text" encoding="-1" filename="C:\Users\1469439\Downloads\notepad\Unix Scripts.txt" />
            <File firstVisibleLine="0" xOffset="0" scrollWidth="1488" startPos="3913" endPos="3980" selMode="0" lang="Shell" encoding="-1" filename="C:\Users\1469439\Desktop\Monitoring\TFESB01_housekeeping.sh" />
            <File firstVisibleLine="0" xOffset="0" scrollWidth="2086" startPos="4904" endPos="4904" selMode="0" lang="Normal Text" encoding="-1" filename="C:\Users\1469439\Desktop\kundu_tapas.txt" />
            <File firstVisibleLine="6" xOffset="0" scrollWidth="6350" startPos="1225" endPos="1225" selMode="0" lang="Normal Text" encoding="-1" filename="C:\Users\1469439\Downloads\notepad\LODR.txt" />
            <File firstVisibleLine="208" xOffset="0" scrollWidth="6350" startPos="539" endPos="539" selMode="0" lang="Normal Text" encoding="-1" filename="C:\Users\1469439\Downloads\notepad\RTP_BAU.txt" />
        </mainView>
        <subView activeIndex="0" />
    </Session>
</NotepadPlus>
